id,name,age,email
1,John Doe,25,john.doe@example.com
2,Jane Smith,30,jane.smith@example.com
3,Bob Johnson,45,bob.johnson@example.com
4,Alice Brown,22,alice.brown@example.com
5,Charlie Davis,35,charlie.davis@example.com
6,Eve Adams,28,eve.adams@example.com
7,Mike Wilson,40,mike.wilson@example.com
8,Sarah Miller,27,sarah.miller@example.com
9,Chris Taylor,33,chris.taylor@example.com
10,Emma Moore,29,emma.moore@example.com
11,David Clark,42,david.clark@example.com
12,Nancy White,31,nancy.white@example.com
13,Tom Harris,24,tom.harris@example.com
14,Linda Martin,36,linda.martin@example.com
15,George Lewis,39,george.lewis@example.com
16,Susan Walker,34,susan.walker@example.com
17,Daniel Hall,26,daniel.hall@example.com
18,Karen Allen,32,karen.allen@example.com
19,Ben Young,38,ben.young@example.com
20,Diana King,29,diana.king@example.com
21,Kevin Wright,23,kevin.wright@example.com
22,Mary Scott,37,mary.scott@example.com
23,Patrick Green,41,patrick.green@example.com
24,Barbara Adams,28,barbara.adams@example.com
25,James Hill,46,james.hill@example.com
26,Rebecca Lee,25,rebecca.lee@example.com
27,Brian Turner,35,brian.turner@example.com
28,Sandra Harris,27,sandra.harris@example.com
29,Andrew Walker,39,andrew.walker@example.com
30,Lisa Hall,31,lisa.hall@example.com
31,John Smith,44,john.smith@example.com
32,Kate Johnson,24,kate.johnson@example.com
33,Paul Brown,36,paul.brown@example.com
34,Megan Davis,28,megan.davis@example.com
35,Tim Clark,40,tim.clark@example.com
36,Amy Miller,23,amy.miller@example.com
37,Robert Taylor,45,robert.taylor@example.com
38,Olivia White,30,olivia.white@example.com
39,Richard Lewis,38,richard.lewis@example.com
40,Sophie Moore,29,sophie.moore@example.com
41,Laura Wilson,33,laura.wilson@example.com
42,Mark Young,41,mark.young@example.com
43,Grace Harris,27,grace.harris@example.com
44,Henry Scott,35,henry.scott@example.com
45,Jennifer Hall,32,jennifer.hall@example.com
46,Steven Green,37,steven.green@example.com
47,Victoria King,28,victoria.king@example.com
48,Samuel Wright,25,samuel.wright@example.com
49,Abigail Lee,31,abigail.lee@example.com
50,Joshua Adams,42,joshua.adams@example.com